date,day,time,ft,cm,highlow
2021/01/01,Fri,07:15 AM,9.49,289,H
2021/01/01,Fri,11:51 AM,7.31,223,L
2021/01/01,Fri,03:51 PM,7.84,239,H
2021/01/01,Fri,11:30 PM,-1.78,-54,L
2021/01/02,Sat,07:48 AM,9.49,289,H
2021/01/02,Sat,12:44 PM,6.88,210,L
2021/01/02,Sat,04:45 PM,7.41,226,H
2021/01/03,Sun,12:12 AM,-1.30,-40,L
2021/01/03,Sun,08:20 AM,9.46,288,H
2021/01/03,Sun,01:43 PM,6.21,189,L
2021/01/03,Sun,05:53 PM,6.81,208,H
2021/01/04,Mon,12:55 AM,-0.48,-15,L
2021/01/04,Mon,08:53 AM,9.43,287,H
2021/01/04,Mon,02:45 PM,5.26,160,L
2021/01/04,Mon,07:13 PM,6.12,187,H
2021/01/05,Tue,01:40 AM,0.68,21,L
2021/01/05,Tue,09:25 AM,9.40,287,H
2021/01/05,Tue,03:46 PM,4.05,123,L
2021/01/05,Tue,08:46 PM,5.52,168,H
2021/01/06,Wed,02:29 AM,2.11,64,L
2021/01/06,Wed,09:56 AM,9.37,286,H
2021/01/06,Wed,04:40 PM,2.66,81,L
2021/01/06,Wed,10:42 PM,5.36,163,H
2021/01/07,Thu,03:24 AM,3.66,112,L
2021/01/07,Thu,10:29 AM,9.35,285,H
2021/01/07,Thu,05:31 PM,1.22,37,L
2021/01/08,Fri,01:02 AM,6.03,184,H
2021/01/08,Fri,04:29 AM,5.15,157,L
2021/01/08,Fri,11:02 AM,9.33,284,H
2021/01/08,Fri,06:18 PM,-0.12,-4,L
2021/01/09,Sat,02:35 AM,7.22,220,H
2021/01/09,Sat,05:42 AM,6.35,194,L
2021/01/09,Sat,11:39 AM,9.31,284,H
2021/01/09,Sat,07:04 PM,-1.24,-38,L
2021/01/10,Sun,03:35 AM,8.31,253,H
2021/01/10,Sun,06:55 AM,7.13,217,L
2021/01/10,Sun,12:19 PM,9.24,282,H
2021/01/10,Sun,07:50 PM,-2.04,-62,L
2021/01/11,Mon,04:23 AM,9.10,277,H
2021/01/11,Mon,08:03 AM,7.50,229,L
2021/01/11,Mon,01:04 PM,9.12,278,H
2021/01/11,Mon,08:35 PM,-2.49,-76,L
2021/01/12,Tue,05:06 AM,9.58,292,H
2021/01/12,Tue,09:05 AM,7.54,230,L
2021/01/12,Tue,01:54 PM,8.93,272,H
2021/01/12,Tue,09:19 PM,-2.59,-79,L
2021/01/13,Wed,05:46 AM,9.78,298,H
2021/01/13,Wed,10:02 AM,7.34,224,L
2021/01/13,Wed,02:46 PM,8.64,263,H
2021/01/13,Wed,10:03 PM,-2.38,-73,L
2021/01/14,Thu,06:25 AM,9.78,298,H
2021/01/14,Thu,10:57 AM,6.98,213,L
2021/01/14,Thu,03:39 PM,8.23,251,H
2021/01/14,Thu,10:46 PM,-1.89,-58,L
2021/01/15,Fri,07:01 AM,9.66,294,H
2021/01/15,Fri,11:53 AM,6.50,198,L
2021/01/15,Fri,04:32 PM,7.71,235,H
2021/01/15,Fri,11:29 PM,-1.16,-35,L
2021/01/16,Sat,07:35 AM,9.49,289,H
2021/01/16,Sat,12:53 PM,5.92,180,L
2021/01/16,Sat,05:28 PM,7.09,216,H
2021/01/17,Sun,12:11 AM,-0.22,-7,L
2021/01/17,Sun,08:05 AM,9.30,283,H
2021/01/17,Sun,01:54 PM,5.24,160,L
2021/01/17,Sun,06:27 PM,6.41,195,H
2021/01/18,Mon,12:52 AM,0.91,28,L
2021/01/18,Mon,08:33 AM,9.11,278,H
2021/01/18,Mon,02:56 PM,4.46,136,L
2021/01/18,Mon,07:35 PM,5.76,176,H
2021/01/19,Tue,01:32 AM,2.18,66,L
2021/01/19,Tue,08:58 AM,8.92,272,H
2021/01/19,Tue,03:51 PM,3.63,111,L
2021/01/19,Tue,09:02 PM,5.30,162,H
2021/01/20,Wed,02:15 AM,3.53,108,L
2021/01/20,Wed,09:22 AM,8.73,266,H
2021/01/20,Wed,04:41 PM,2.78,85,L
2021/01/20,Wed,11:41 PM,5.35,163,H
2021/01/21,Thu,03:03 AM,4.86,148,L
2021/01/21,Thu,09:48 AM,8.56,261,H
2021/01/21,Thu,05:25 PM,1.97,60,L
2021/01/22,Fri,01:56 AM,6.25,190,H
2021/01/22,Fri,04:09 AM,6.04,184,L
2021/01/22,Fri,10:15 AM,8.40,256,H
2021/01/22,Fri,06:05 PM,1.21,37,L
2021/01/23,Sat,03:00 AM,7.24,221,H
2021/01/23,Sat,05:33 AM,6.91,211,L
2021/01/23,Sat,10:46 AM,8.26,252,H
2021/01/23,Sat,06:43 PM,0.52,16,L
2021/01/24,Sun,03:43 AM,8.04,245,H
2021/01/24,Sun,06:57 AM,7.39,225,L
2021/01/24,Sun,11:23 AM,8.17,249,H
2021/01/24,Sun,07:20 PM,-0.10,-3,L
2021/01/25,Mon,04:17 AM,8.59,262,H
2021/01/25,Mon,08:04 AM,7.58,231,L
2021/01/25,Mon,12:05 PM,8.14,248,H
2021/01/25,Mon,07:58 PM,-0.67,-20,L
2021/01/26,Tue,04:47 AM,8.93,272,H
2021/01/26,Tue,08:50 AM,7.58,231,L
2021/01/26,Tue,12:53 PM,8.16,249,H
2021/01/26,Tue,08:35 PM,-1.17,-36,L
2021/01/27,Wed,05:14 AM,9.12,278,H
2021/01/27,Wed,09:24 AM,7.44,227,L
2021/01/27,Wed,01:43 PM,8.21,250,H
2021/01/27,Wed,09:14 PM,-1.55,-47,L
2021/01/28,Thu,05:40 AM,9.21,281,H
2021/01/28,Thu,09:57 AM,7.17,219,L
2021/01/28,Thu,02:33 PM,8.21,250,H
2021/01/28,Thu,09:53 PM,-1.75,-53,L
2021/01/29,Fri,06:05 AM,9.26,282,H
2021/01/29,Fri,10:35 AM,6.75,206,L
2021/01/29,Fri,03:25 PM,8.12,247,H
2021/01/29,Fri,10:32 PM,-1.69,-52,L
2021/01/30,Sat,06:31 AM,9.30,283,H
2021/01/30,Sat,11:17 AM,6.15,187,L
2021/01/30,Sat,04:19 PM,7.87,240,H
2021/01/30,Sat,11:12 PM,-1.28,-39,L
2021/01/31,Sun,06:59 AM,9.33,284,H
2021/01/31,Sun,12:05 PM,5.37,164,L
2021/01/31,Sun,05:19 PM,7.45,227,H
2021/01/31,Sun,11:52 PM,-0.49,-15,L
2021/02/01,Mon,07:27 AM,9.35,285,H
2021/02/01,Mon,12:57 PM,4.43,135,L
2021/02/01,Mon,06:25 PM,6.91,211,H
2021/02/02,Tue,12:33 AM,0.67,20,L
2021/02/02,Tue,07:56 AM,9.35,285,H
2021/02/02,Tue,01:52 PM,3.36,102,L
2021/02/02,Tue,07:40 PM,6.35,194,H
2021/02/03,Wed,01:16 AM,2.11,64,L
2021/02/03,Wed,08:26 AM,9.31,284,H
2021/02/03,Wed,02:50 PM,2.24,68,L
2021/02/03,Wed,09:10 PM,5.98,182,H
2021/02/04,Thu,02:03 AM,3.69,112,L
2021/02/04,Thu,08:58 AM,9.22,281,H
2021/02/04,Thu,03:49 PM,1.17,36,L
2021/02/04,Thu,11:16 PM,6.11,186,H
2021/02/05,Fri,02:59 AM,5.22,159,L
2021/02/05,Fri,09:32 AM,9.09,277,H
2021/02/05,Fri,04:49 PM,0.22,7,L
2021/02/06,Sat,01:26 AM,7.00,213,H
2021/02/06,Sat,04:15 AM,6.48,198,L
2021/02/06,Sat,10:11 AM,8.91,272,H
2021/02/06,Sat,05:47 PM,-0.56,-17,L
2021/02/07,Sun,02:38 AM,8.00,244,H
2021/02/07,Sun,05:44 AM,7.23,220,L
2021/02/07,Sun,10:58 AM,8.71,265,H
2021/02/07,Sun,06:43 PM,-1.12,-34,L
2021/02/08,Mon,03:27 AM,8.74,266,H
2021/02/08,Mon,07:11 AM,7.43,226,L
2021/02/08,Mon,11:57 AM,8.51,259,H
2021/02/08,Mon,07:35 PM,-1.46,-45,L
2021/02/09,Tue,04:08 AM,9.18,280,H
2021/02/09,Tue,08:21 AM,7.23,220,L
2021/02/09,Tue,01:01 PM,8.34,254,H
2021/02/09,Tue,08:23 PM,-1.57,-48,L
2021/02/10,Wed,04:45 AM,9.36,285,H
2021/02/10,Wed,09:14 AM,6.82,208,L
2021/02/10,Wed,02:02 PM,8.21,250,H
2021/02/10,Wed,09:08 PM,-1.46,-45,L
2021/02/11,Thu,05:18 AM,9.36,285,H
2021/02/11,Thu,09:59 AM,6.30,192,L
2021/02/11,Thu,02:59 PM,8.03,245,H
2021/02/11,Thu,09:50 PM,-1.14,-35,L
2021/02/12,Fri,05:49 AM,9.25,282,H
2021/02/12,Fri,10:41 AM,5.71,174,L
2021/02/12,Fri,03:52 PM,7.78,237,H
2021/02/12,Fri,10:30 PM,-0.59,-18,L
2021/02/13,Sat,06:16 AM,9.11,278,H
2021/02/13,Sat,11:23 AM,5.08,155,L
2021/02/13,Sat,04:44 PM,7.44,227,H
2021/02/13,Sat,11:08 PM,0.16,5,L
2021/02/14,Sun,06:40 AM,8.96,273,H
2021/02/14,Sun,12:05 PM,4.43,135,L
2021/02/14,Sun,05:37 PM,7.04,215,H
2021/02/14,Sun,11:45 PM,1.11,34,L
2021/02/15,Mon,07:02 AM,8.82,269,H
2021/02/15,Mon,12:49 PM,3.76,115,L
2021/02/15,Mon,06:33 PM,6.63,202,H
2021/02/16,Tue,12:22 AM,2.21,67,L
2021/02/16,Tue,07:23 AM,8.67,264,H
2021/02/16,Tue,01:34 PM,3.12,95,L
2021/02/16,Tue,07:36 PM,6.27,191,H
2021/02/17,Wed,01:00 AM,3.42,104,L
2021/02/17,Wed,07:45 AM,8.51,259,H
2021/02/17,Wed,02:20 PM,2.54,77,L
2021/02/17,Wed,08:53 PM,6.04,184,H
2021/02/18,Thu,01:41 AM,4.63,141,L
2021/02/18,Thu,08:10 AM,8.32,254,H
2021/02/18,Thu,03:09 PM,2.02,62,L
2021/02/18,Thu,11:08 PM,6.14,187,H
2021/02/19,Fri,02:31 AM,5.75,175,L
2021/02/19,Fri,08:36 AM,8.10,247,H
2021/02/19,Fri,04:00 PM,1.57,48,L
2021/02/20,Sat,01:30 AM,6.85,209,H
2021/02/20,Sat,03:47 AM,6.66,203,L
2021/02/20,Sat,09:06 AM,7.87,240,H
2021/02/20,Sat,04:54 PM,1.13,34,L
2021/02/21,Sun,02:31 AM,7.58,231,H
2021/02/21,Sun,05:33 AM,7.19,219,L
2021/02/21,Sun,09:42 AM,7.68,234,H
2021/02/21,Sun,05:47 PM,0.68,21,L
2021/02/22,Mon,03:10 AM,8.13,248,H
2021/02/22,Mon,07:15 AM,7.30,223,L
2021/02/22,Mon,10:33 AM,7.56,230,H
2021/02/22,Mon,06:39 PM,0.19,6,L
2021/02/23,Tue,03:41 AM,8.47,258,H
2021/02/23,Tue,08:08 AM,7.19,219,L
2021/02/23,Tue,11:38 AM,7.55,230,H
2021/02/23,Tue,07:26 PM,-0.30,-9,L
2021/02/24,Wed,04:06 AM,8.65,264,H
2021/02/24,Wed,08:32 AM,6.94,212,L
2021/02/24,Wed,12:44 PM,7.67,234,H
2021/02/24,Wed,08:10 PM,-0.73,-22,L
2021/02/25,Thu,04:29 AM,8.75,267,H
2021/02/25,Thu,08:57 AM,6.50,198,L
2021/02/25,Thu,01:45 PM,7.84,239,H
2021/02/25,Thu,08:51 PM,-1.00,-30,L
2021/02/26,Fri,04:50 AM,8.81,269,H
2021/02/26,Fri,09:28 AM,5.87,179,L
2021/02/26,Fri,02:42 PM,7.97,243,H
2021/02/26,Fri,09:31 PM,-1.00,-30,L
2021/02/27,Sat,05:12 AM,8.87,270,H
2021/02/27,Sat,10:05 AM,5.05,154,L
2021/02/27,Sat,03:39 PM,7.99,244,H
2021/02/27,Sat,10:11 PM,-0.64,-20,L
2021/02/28,Sun,05:36 AM,8.95,273,H
2021/02/28,Sun,10:46 AM,4.07,124,L
2021/02/28,Sun,04:38 PM,7.87,240,H
2021/02/28,Sun,10:51 PM,0.11,3,L
2021/03/01,Mon,06:02 AM,9.03,275,H
2021/03/01,Mon,11:31 AM,3.01,92,L
2021/03/01,Mon,05:40 PM,7.64,233,H
2021/03/01,Mon,11:31 PM,1.20,37,L
2021/03/02,Tue,06:30 AM,9.07,276,H
2021/03/02,Tue,12:19 PM,1.96,60,L
2021/03/02,Tue,06:47 PM,7.34,224,H
2021/03/03,Wed,12:14 AM,2.54,77,L
2021/03/03,Wed,06:59 AM,9.05,276,H
2021/03/03,Wed,01:11 PM,1.04,32,L
2021/03/03,Wed,08:03 PM,7.07,215,H
2021/03/04,Thu,01:00 AM,3.97,121,L
2021/03/04,Thu,07:30 AM,8.94,272,H
2021/03/04,Thu,02:06 PM,0.35,11,L
2021/03/04,Thu,09:34 PM,6.96,212,H
2021/03/05,Fri,01:53 AM,5.33,162,L
2021/03/05,Fri,08:04 AM,8.73,266,H
2021/03/05,Fri,03:05 PM,-0.10,-3,L
2021/03/05,Fri,11:33 PM,7.25,221,H
2021/03/06,Sat,03:02 AM,6.43,196,L
2021/03/06,Sat,08:42 AM,8.41,256,H
2021/03/06,Sat,04:09 PM,-0.33,-10,L
2021/03/07,Sun,01:11 AM,7.89,240,H
2021/03/07,Sun,04:40 AM,7.05,215,L
2021/03/07,Sun,09:32 AM,8.02,244,H
2021/03/07,Sun,05:16 PM,-0.43,-13,L
2021/03/08,Mon,02:12 AM,8.45,258,H
2021/03/08,Mon,06:38 AM,7.04,215,L
2021/03/08,Mon,10:41 AM,7.65,233,H
2021/03/08,Mon,06:21 PM,-0.46,-14,L
2021/03/09,Tue,02:57 AM,8.80,268,H
2021/03/09,Tue,08:01 AM,6.59,201,L
2021/03/09,Tue,12:03 PM,7.42,226,H
2021/03/09,Tue,07:19 PM,-0.41,-12,L
2021/03/10,Wed,03:35 AM,8.93,272,H
2021/03/10,Wed,08:45 AM,6.00,183,L
2021/03/10,Wed,01:20 PM,7.37,225,H
2021/03/10,Wed,08:10 PM,-0.25,-8,L
2021/03/11,Thu,04:07 AM,8.91,272,H
2021/03/11,Thu,09:17 AM,5.34,163,L
2021/03/11,Thu,02:25 PM,7.40,226,H
2021/03/11,Thu,08:53 PM,0.06,2,L
2021/03/12,Fri,04:35 AM,8.79,268,H
2021/03/12,Fri,09:47 AM,4.65,142,L
2021/03/12,Fri,03:20 PM,7.41,226,H
2021/03/12,Fri,09:32 PM,0.54,16,L
2021/03/13,Sat,04:58 AM,8.64,263,H
2021/03/13,Sat,10:17 AM,3.93,120,L
2021/03/13,Sat,04:11 PM,7.37,225,H
2021/03/13,Sat,10:08 PM,1.18,36,L
2021/03/14,Sun,06:18 AM,8.50,259,H
2021/03/14,Sun,11:49 AM,3.21,98,L
2021/03/14,Sun,06:01 PM,7.29,222,H
2021/03/14,Sun,11:44 PM,1.98,60,L
2021/03/15,Mon,06:35 AM,8.39,256,H
2021/03/15,Mon,12:23 PM,2.53,77,L
2021/03/15,Mon,06:51 PM,7.21,220,H
2021/03/16,Tue,12:20 AM,2.90,88,L
2021/03/16,Tue,06:53 AM,8.29,253,H
2021/03/16,Tue,12:58 PM,1.94,59,L
2021/03/16,Tue,07:43 PM,7.13,217,H
2021/03/17,Wed,12:58 AM,3.87,118,L
2021/03/17,Wed,07:14 AM,8.15,248,H
2021/03/17,Wed,01:35 PM,1.46,45,L
2021/03/17,Wed,08:41 PM,7.07,215,H
2021/03/18,Thu,01:39 AM,4.84,148,L
2021/03/18,Thu,07:38 AM,7.96,243,H
2021/03/18,Thu,02:16 PM,1.14,35,L
2021/03/18,Thu,09:49 PM,7.04,215,H
2021/03/19,Fri,02:26 AM,5.73,175,L
2021/03/19,Fri,08:03 AM,7.72,235,H
2021/03/19,Fri,03:00 PM,0.96,29,L
2021/03/19,Fri,11:25 PM,7.11,217,H
2021/03/20,Sat,03:29 AM,6.46,197,L
2021/03/20,Sat,08:29 AM,7.45,227,H
2021/03/20,Sat,03:50 PM,0.89,27,L
2021/03/21,Sun,01:25 AM,7.42,226,H
2021/03/21,Sun,05:07 AM,6.92,211,L
2021/03/21,Sun,08:56 AM,7.19,219,H
2021/03/21,Sun,04:48 PM,0.82,25,L
2021/03/22,Mon,02:33 AM,7.80,238,H
2021/03/22,Mon,05:51 PM,0.68,21,L
2021/03/23,Tue,03:14 AM,8.08,246,H
2021/03/23,Tue,08:54 AM,6.70,204,L
2021/03/23,Tue,10:55 AM,6.78,207,H
2021/03/23,Tue,06:52 PM,0.43,13,L
2021/03/24,Wed,03:43 AM,8.24,251,H
2021/03/24,Wed,08:53 AM,6.36,194,L
2021/03/24,Wed,12:23 PM,6.79,207,H
2021/03/24,Wed,07:47 PM,0.16,5,L
2021/03/25,Thu,04:06 AM,8.33,254,H
2021/03/25,Thu,09:03 AM,5.79,176,L
2021/03/25,Thu,01:41 PM,6.98,213,H
2021/03/25,Thu,08:36 PM,0.00,0,L
2021/03/26,Fri,04:26 AM,8.40,256,H
2021/03/26,Fri,09:27 AM,4.95,151,L
2021/03/26,Fri,02:50 PM,7.28,222,H
2021/03/26,Fri,09:20 PM,0.08,2,L
2021/03/27,Sat,04:47 AM,8.48,258,H
2021/03/27,Sat,10:00 AM,3.88,118,L
2021/03/27,Sat,03:54 PM,7.58,231,H
2021/03/27,Sat,10:03 PM,0.48,15,L
2021/03/28,Sun,05:09 AM,8.60,262,H
2021/03/28,Sun,10:37 AM,2.66,81,L
2021/03/28,Sun,04:55 PM,7.83,239,H
2021/03/28,Sun,10:44 PM,1.22,37,L
2021/03/29,Mon,05:34 AM,8.72,266,H
2021/03/29,Mon,11:18 AM,1.41,43,L
2021/03/29,Mon,05:57 PM,8.00,244,H
2021/03/29,Mon,11:27 PM,2.23,68,L
2021/03/30,Tue,06:01 AM,8.80,268,H
2021/03/30,Tue,12:01 PM,0.29,9,L
2021/03/30,Tue,07:01 PM,8.09,247,H
2021/03/31,Wed,12:11 AM,3.40,104,L
2021/03/31,Wed,06:30 AM,8.81,269,H
2021/03/31,Wed,12:47 PM,-0.58,-18,L
2021/03/31,Wed,08:08 PM,8.11,247,H
2021/04/01,Thu,12:59 AM,4.60,140,L
2021/04/01,Thu,07:01 AM,8.70,265,H
2021/04/01,Thu,01:37 PM,-1.07,-33,L
2021/04/01,Thu,09:22 PM,8.08,246,H
2021/04/02,Fri,01:54 AM,5.67,173,L
2021/04/02,Fri,07:36 AM,8.44,257,H
2021/04/02,Fri,02:30 PM,-1.17,-36,L
2021/04/02,Fri,10:46 PM,8.10,247,H
2021/04/03,Sat,03:02 AM,6.47,197,L
2021/04/03,Sat,08:15 AM,8.03,245,H
2021/04/03,Sat,03:29 PM,-0.93,-28,L
2021/04/04,Sun,12:18 AM,8.24,251,H
2021/04/04,Sun,04:41 AM,6.84,208,L
2021/04/04,Sun,09:03 AM,7.49,228,H
2021/04/04,Sun,04:34 PM,-0.50,-15,L
2021/04/05,Mon,01:33 AM,8.46,258,H
2021/04/05,Mon,07:11 AM,6.56,200,L
2021/04/05,Mon,10:13 AM,6.91,211,H
2021/04/05,Mon,05:45 PM,-0.02,-1,L
2021/04/06,Tue,02:29 AM,8.63,263,H
2021/04/06,Tue,08:27 AM,5.89,180,L
2021/04/06,Tue,11:46 AM,6.46,197,H
2021/04/06,Tue,06:54 PM,0.40,12,L
2021/04/07,Wed,03:13 AM,8.68,265,H
2021/04/07,Wed,09:09 AM,5.12,156,L
2021/04/07,Wed,01:25 PM,6.35,194,H
2021/04/07,Wed,07:55 PM,0.81,25,L
2021/04/08,Thu,03:48 AM,8.62,263,H
2021/04/08,Thu,09:39 AM,4.33,132,L
2021/04/08,Thu,02:47 PM,6.51,198,H
2021/04/08,Thu,08:45 PM,1.27,39,L
2021/04/09,Fri,04:16 AM,8.49,259,H
2021/04/09,Fri,10:03 AM,3.54,108,L
2021/04/09,Fri,03:51 PM,6.75,206,H
2021/04/09,Fri,09:28 PM,1.84,56,L
2021/04/10,Sat,04:38 AM,8.33,254,H
2021/04/10,Sat,10:25 AM,2.75,84,L
2021/04/10,Sat,04:45 PM,7.00,213,H
2021/04/10,Sat,10:06 PM,2.50,76,L
2021/04/11,Sun,04:55 AM,8.18,249,H
2021/04/11,Sun,10:49 AM,1.98,60,L
2021/04/11,Sun,05:35 PM,7.24,221,H
2021/04/11,Sun,10:43 PM,3.24,99,L
2021/04/12,Mon,05:09 AM,8.07,246,H
2021/04/12,Mon,11:15 AM,1.25,38,L
2021/04/12,Mon,06:22 PM,7.46,227,H
2021/04/12,Mon,11:20 PM,4.01,122,L
2021/04/13,Tue,05:25 AM,7.99,244,H
2021/04/13,Tue,11:44 AM,0.64,20,L
2021/04/13,Tue,07:08 PM,7.67,234,H
2021/04/13,Tue,11:59 PM,4.78,146,L
2021/04/14,Wed,05:45 AM,7.88,240,H
2021/04/14,Wed,12:16 PM,0.18,5,L
2021/04/14,Wed,07:56 PM,7.84,239,H
2021/04/15,Thu,12:42 AM,5.49,167,L
2021/04/15,Thu,06:07 AM,7.71,235,H
2021/04/15,Thu,12:51 PM,-0.10,-3,L
2021/04/15,Thu,08:47 PM,7.94,242,H
2021/04/16,Fri,01:30 AM,6.09,186,L
2021/04/16,Fri,06:31 AM,7.47,228,H
2021/04/16,Fri,01:29 PM,-0.19,-6,L
2021/04/16,Fri,09:44 PM,7.97,243,H
2021/04/17,Sat,02:29 AM,6.56,200,L
2021/04/17,Sat,06:53 AM,7.20,219,H
2021/04/17,Sat,02:11 PM,-0.12,-4,L
2021/04/17,Sat,10:53 PM,7.96,243,H
2021/04/18,Sun,03:57 AM,6.83,208,L
2021/04/18,Sun,07:01 AM,6.92,211,H
2021/04/18,Sun,03:00 PM,0.05,2,L
2021/04/19,Mon,12:10 AM,7.99,244,H
2021/04/19,Mon,03:57 PM,0.25,8,L
2021/04/20,Tue,01:13 AM,8.07,246,H
2021/04/20,Tue,04:59 PM,0.43,13,L
2021/04/21,Wed,01:56 AM,8.14,248,H
2021/04/21,Wed,06:03 PM,0.57,17,L
2021/04/22,Thu,02:26 AM,8.19,250,H
2021/04/22,Thu,08:16 AM,5.23,159,L
2021/04/22,Thu,12:15 PM,5.95,181,H
2021/04/22,Thu,07:01 PM,0.77,23,L
2021/04/23,Fri,02:51 AM,8.25,251,H
2021/04/23,Fri,08:31 AM,4.24,129,L
2021/04/23,Fri,01:44 PM,6.20,189,H
2021/04/23,Fri,07:54 PM,1.12,34,L
2021/04/24,Sat,03:14 AM,8.34,254,H
2021/04/24,Sat,08:58 AM,2.97,91,L
2021/04/24,Sat,03:02 PM,6.69,204,H
2021/04/24,Sat,08:43 PM,1.70,52,L
2021/04/25,Sun,03:38 AM,8.47,258,H
2021/04/25,Sun,09:33 AM,1.54,47,L
2021/04/25,Sun,04:11 PM,7.28,222,H
2021/04/25,Sun,09:30 PM,2.51,77,L
2021/04/26,Mon,04:03 AM,8.62,263,H
2021/04/26,Mon,10:10 AM,0.10,3,L
2021/04/26,Mon,05:15 PM,7.87,240,H
2021/04/26,Mon,10:16 PM,3.47,106,L
2021/04/27,Tue,04:30 AM,8.74,266,H
2021/04/27,Tue,10:51 AM,-1.15,-35,L
2021/04/27,Tue,06:17 PM,8.37,255,H
2021/04/27,Tue,11:04 PM,4.49,137,L
2021/04/28,Wed,05:00 AM,8.78,268,H
2021/04/28,Wed,11:35 AM,-2.06,-63,L
2021/04/28,Wed,07:19 PM,8.73,266,H
2021/04/28,Wed,11:55 PM,5.44,166,L
2021/04/29,Thu,05:32 AM,8.68,265,H
2021/04/29,Thu,12:21 PM,-2.51,-77,L
2021/04/29,Thu,08:22 PM,8.92,272,H
2021/04/30,Fri,12:51 AM,6.20,189,L
2021/04/30,Fri,06:08 AM,8.41,256,H
2021/04/30,Fri,01:10 PM,-2.49,-76,L
2021/04/30,Fri,09:29 PM,8.96,273,H
2021/05/01,Sat,01:58 AM,6.68,204,L
2021/05/01,Sat,06:48 AM,7.95,242,H
2021/05/01,Sat,02:02 PM,-2.05,-62,L
2021/05/01,Sat,10:38 PM,8.91,272,H
2021/05/02,Sun,03:31 AM,6.79,207,L
2021/05/02,Sun,07:37 AM,7.32,223,H
2021/05/02,Sun,03:00 PM,-1.32,-40,L
2021/05/02,Sun,11:46 PM,8.84,269,H
2021/05/03,Mon,06:04 AM,6.33,193,L
2021/05/03,Mon,08:41 AM,6.58,201,H
2021/05/03,Mon,04:02 PM,-0.44,-13,L
2021/05/04,Tue,12:46 AM,8.77,267,H
2021/05/04,Tue,07:23 AM,5.50,168,L
2021/05/04,Tue,10:08 AM,5.87,179,H
2021/05/04,Tue,05:09 PM,0.45,14,L
2021/05/05,Wed,01:36 AM,8.69,265,H
2021/05/05,Wed,08:11 AM,4.57,139,L
2021/05/05,Wed,11:57 AM,5.45,166,H
2021/05/05,Wed,06:15 PM,1.29,39,L
2021/05/06,Thu,02:16 AM,8.57,261,H
2021/05/06,Thu,08:46 AM,3.63,111,L
2021/05/06,Thu,01:49 PM,5.52,168,H
2021/05/06,Thu,07:15 PM,2.09,64,L
2021/05/07,Fri,02:48 AM,8.41,256,H
2021/05/07,Fri,09:14 AM,2.71,83,L
2021/05/07,Fri,03:13 PM,5.95,181,H
2021/05/07,Fri,08:08 PM,2.88,88,L
2021/05/08,Sat,03:11 AM,8.23,251,H
2021/05/08,Sat,09:35 AM,1.85,56,L
2021/05/08,Sat,04:16 PM,6.49,198,H
2021/05/08,Sat,08:54 PM,3.68,112,L
2021/05/09,Sun,03:27 AM,8.08,246,H
2021/05/09,Sun,09:55 AM,1.04,32,L
2021/05/09,Sun,05:10 PM,7.02,214,H
2021/05/09,Sun,09:36 PM,4.45,136,L
2021/05/10,Mon,03:41 AM,7.97,243,H
2021/05/10,Mon,10:17 AM,0.30,9,L
2021/05/10,Mon,05:57 PM,7.52,229,H
2021/05/10,Mon,10:18 PM,5.16,157,L
2021/05/11,Tue,03:57 AM,7.90,241,H
2021/05/11,Tue,10:42 AM,-0.34,-10,L
2021/05/11,Tue,06:41 PM,7.94,242,H
2021/05/11,Tue,11:00 PM,5.77,176,L
2021/05/12,Wed,04:16 AM,7.81,238,H
2021/05/12,Wed,11:11 AM,-0.82,-25,L
2021/05/12,Wed,07:23 PM,8.27,252,H
2021/05/12,Wed,11:45 PM,6.26,191,L
2021/05/13,Thu,04:38 AM,7.67,234,H
2021/05/13,Thu,11:42 AM,-1.12,-34,L
2021/05/13,Thu,08:04 PM,8.48,258,H
2021/05/14,Fri,12:34 AM,6.62,202,L
2021/05/14,Fri,05:01 AM,7.47,228,H
2021/05/14,Fri,12:17 PM,-1.25,-38,L
2021/05/14,Fri,08:47 PM,8.58,262,H
2021/05/15,Sat,01:30 AM,6.86,209,L
2021/05/15,Sat,05:20 AM,7.22,220,H
2021/05/15,Sat,12:56 PM,-1.21,-37,L
2021/05/15,Sat,09:34 PM,8.59,262,H
2021/05/16,Sun,01:39 PM,-1.03,-31,L
2021/05/16,Sun,10:23 PM,8.54,260,H
2021/05/17,Mon,02:26 PM,-0.73,-22,L
2021/05/17,Mon,11:13 PM,8.48,258,H
2021/05/18,Tue,03:18 PM,-0.32,-10,L
2021/05/18,Tue,11:57 PM,8.44,257,H
2021/05/19,Wed,04:14 PM,0.21,6,L
2021/05/20,Thu,12:35 AM,8.41,256,H
2021/05/20,Thu,07:26 AM,4.96,151,L
2021/05/20,Thu,10:30 AM,5.27,161,H
2021/05/20,Thu,05:14 PM,0.87,27,L
2021/05/21,Fri,01:06 AM,8.42,257,H
2021/05/21,Fri,07:30 AM,3.87,118,L
2021/05/21,Fri,12:17 PM,5.21,159,H
2021/05/21,Fri,06:13 PM,1.67,51,L
2021/05/22,Sat,01:35 AM,8.47,258,H
2021/05/22,Sat,07:56 AM,2.48,76,L
2021/05/22,Sat,01:58 PM,5.63,172,H
2021/05/22,Sat,07:10 PM,2.59,79,L
2021/05/23,Sun,02:02 AM,8.58,262,H
2021/05/23,Sun,08:29 AM,0.93,28,L
2021/05/23,Sun,03:24 PM,6.42,196,H
2021/05/23,Sun,08:04 PM,3.59,109,L
2021/05/24,Mon,02:30 AM,8.72,266,H
2021/05/24,Mon,09:06 AM,-0.61,-19,L
2021/05/24,Mon,04:35 PM,7.34,224,H
2021/05/24,Mon,08:58 PM,4.59,140,L
2021/05/25,Tue,02:59 AM,8.85,270,H
2021/05/25,Tue,09:46 AM,-1.95,-59,L
2021/05/25,Tue,05:36 PM,8.18,249,H
2021/05/25,Tue,09:51 PM,5.49,167,L
2021/05/26,Wed,03:31 AM,8.91,272,H
2021/05/26,Wed,10:28 AM,-2.93,-89,L
2021/05/26,Wed,06:34 PM,8.83,269,H
2021/05/26,Wed,10:45 PM,6.22,190,L
2021/05/27,Thu,04:05 AM,8.84,269,H
2021/05/27,Thu,11:13 AM,-3.44,-105,L
2021/05/27,Thu,07:29 PM,9.22,281,H
2021/05/27,Thu,11:42 PM,6.70,204,L
2021/05/28,Fri,04:44 AM,8.59,262,H
2021/05/28,Fri,12:00 PM,-3.46,-105,L
2021/05/28,Fri,08:24 PM,9.38,286,H
2021/05/29,Sat,12:46 AM,6.92,211,L
2021/05/29,Sat,05:28 AM,8.15,248,H
2021/05/29,Sat,12:49 PM,-3.04,-93,L
2021/05/29,Sat,09:19 PM,9.35,285,H
2021/05/30,Sun,02:04 AM,6.83,208,L
2021/05/30,Sun,06:19 AM,7.51,229,H
2021/05/30,Sun,01:40 PM,-2.28,-69,L
2021/05/30,Sun,10:13 PM,9.22,281,H
2021/05/31,Mon,04:01 AM,6.37,194,L
2021/05/31,Mon,07:20 AM,6.73,205,H
2021/05/31,Mon,02:34 PM,-1.29,-39,L
2021/05/31,Mon,11:05 PM,9.04,276,H
2021/06/01,Tue,05:47 AM,5.53,169,L
2021/06/01,Tue,08:34 AM,5.89,180,H
2021/06/01,Tue,03:30 PM,-0.16,-5,L
2021/06/01,Tue,11:52 PM,8.85,270,H
2021/06/02,Wed,06:48 AM,4.52,138,L
2021/06/02,Wed,10:04 AM,5.14,157,H
2021/06/02,Wed,04:28 PM,1.03,31,L
2021/06/03,Thu,12:33 AM,8.66,264,H
2021/06/03,Thu,07:33 AM,3.47,106,L
2021/06/03,Thu,12:03 PM,4.78,146,H
2021/06/03,Thu,05:27 PM,2.21,67,L
2021/06/04,Fri,01:07 AM,8.46,258,H
2021/06/04,Fri,08:08 AM,2.45,75,L
2021/06/04,Fri,02:08 PM,5.12,156,H
2021/06/04,Fri,06:26 PM,3.34,102,L
2021/06/05,Sat,01:33 AM,8.27,252,H
2021/06/05,Sat,08:36 AM,1.50,46,L
2021/06/05,Sat,03:32 PM,5.86,179,H
2021/06/05,Sat,07:23 PM,4.37,133,L
2021/06/06,Sun,01:53 AM,8.11,247,H
2021/06/06,Sun,08:58 AM,0.65,20,L
2021/06/06,Sun,04:34 PM,6.68,204,H
2021/06/06,Sun,08:18 PM,5.26,160,L
2021/06/07,Mon,02:10 AM,8.00,244,H
2021/06/07,Mon,09:21 AM,-0.10,-3,L
2021/06/07,Mon,05:24 PM,7.41,226,H
2021/06/07,Mon,09:10 PM,5.96,182,L
2021/06/08,Tue,02:29 AM,7.92,241,H
2021/06/08,Tue,09:45 AM,-0.74,-23,L
2021/06/08,Tue,06:07 PM,7.99,244,H
2021/06/08,Tue,09:59 PM,6.48,198,L
2021/06/09,Wed,02:51 AM,7.85,239,H
2021/06/09,Wed,10:12 AM,-1.24,-38,L
2021/06/09,Wed,06:46 PM,8.40,256,H
2021/06/09,Wed,10:47 PM,6.82,208,L
2021/06/10,Thu,03:16 AM,7.75,236,H
2021/06/10,Thu,10:43 AM,-1.59,-48,L
2021/06/10,Thu,07:22 PM,8.65,264,H
2021/06/10,Thu,11:35 PM,7.02,214,L
2021/06/11,Fri,03:42 AM,7.61,232,H
2021/06/11,Fri,11:17 AM,-1.80,-55,L
2021/06/11,Fri,07:58 PM,8.79,268,H
2021/06/12,Sat,12:24 AM,7.08,216,L
2021/06/12,Sat,04:08 AM,7.42,226,H
2021/06/12,Sat,11:54 AM,-1.88,-57,L
2021/06/12,Sat,08:33 PM,8.84,269,H
2021/06/13,Sun,01:18 AM,7.04,215,L
2021/06/13,Sun,04:26 AM,7.18,219,H
2021/06/13,Sun,12:34 PM,-1.80,-55,L
2021/06/13,Sun,09:10 PM,8.83,269,H
2021/06/14,Mon,01:16 PM,-1.57,-48,L
2021/06/14,Mon,09:46 PM,8.80,268,H
2021/06/15,Tue,02:00 PM,-1.14,-35,L
2021/06/15,Tue,10:22 PM,8.76,267,H
2021/06/16,Wed,02:46 PM,-0.46,-14,L
2021/06/16,Wed,10:55 PM,8.71,265,H
2021/06/17,Thu,05:33 AM,4.94,151,L
2021/06/17,Thu,08:56 AM,5.25,160,H
2021/06/17,Thu,03:36 PM,0.48,15,L
2021/06/17,Thu,11:27 PM,8.69,265,H
2021/06/18,Fri,06:04 AM,3.77,115,L
2021/06/18,Fri,10:38 AM,4.85,148,H
2021/06/18,Fri,04:29 PM,1.64,50,L
2021/06/18,Fri,11:58 PM,8.69,265,H
2021/06/19,Sat,06:40 AM,2.36,72,L
2021/06/19,Sat,12:32 PM,4.92,150,H
2021/06/19,Sat,05:27 PM,2.93,89,L
2021/06/20,Sun,12:28 AM,8.73,266,H
2021/06/20,Sun,07:19 AM,0.83,25,L
2021/06/20,Sun,02:29 PM,5.65,172,H
2021/06/20,Sun,06:29 PM,4.20,128,L
2021/06/21,Mon,12:59 AM,8.82,269,H
2021/06/21,Mon,07:59 AM,-0.68,-21,L
2021/06/21,Mon,03:53 PM,6.74,205,H
2021/06/21,Mon,07:32 PM,5.31,162,L
2021/06/22,Tue,01:31 AM,8.91,272,H
2021/06/22,Tue,08:41 AM,-1.99,-61,L
2021/06/22,Tue,04:55 PM,7.77,237,H
2021/06/22,Tue,08:34 PM,6.16,188,L
2021/06/23,Wed,02:06 AM,8.96,273,H
2021/06/23,Wed,09:25 AM,-2.98,-91,L
2021/06/23,Wed,05:48 PM,8.57,261,H
2021/06/23,Wed,09:33 PM,6.71,205,L
2021/06/24,Thu,02:46 AM,8.92,272,H
2021/06/24,Thu,10:10 AM,-3.54,-108,L
2021/06/24,Thu,06:37 PM,9.07,276,H
2021/06/24,Thu,10:32 PM,6.96,212,L
2021/06/25,Fri,03:30 AM,8.73,266,H
2021/06/25,Fri,10:56 AM,-3.67,-112,L
2021/06/25,Fri,07:23 PM,9.31,284,H
2021/06/25,Fri,11:32 PM,6.95,212,L
2021/06/26,Sat,04:20 AM,8.37,255,H
2021/06/26,Sat,11:43 AM,-3.40,-104,L
2021/06/26,Sat,08:08 PM,9.34,285,H
2021/06/27,Sun,12:37 AM,6.72,205,L
2021/06/27,Sun,05:15 AM,7.84,239,H
2021/06/27,Sun,12:31 PM,-2.78,-85,L
2021/06/27,Sun,08:52 PM,9.25,282,H
2021/06/28,Mon,01:50 AM,6.27,191,L
2021/06/28,Mon,06:14 AM,7.15,218,H
2021/06/28,Mon,01:19 PM,-1.89,-58,L
2021/06/28,Mon,09:34 PM,9.09,277,H
2021/06/29,Tue,03:16 AM,5.59,170,L
2021/06/29,Tue,07:18 AM,6.36,194,H
2021/06/29,Tue,02:07 PM,-0.78,-24,L
2021/06/29,Tue,10:13 PM,8.90,271,H
2021/06/30,Wed,04:40 AM,4.71,144,L
2021/06/30,Wed,08:30 AM,5.55,169,H
2021/06/30,Wed,02:56 PM,0.49,15,L
2021/06/30,Wed,10:48 PM,8.69,265,H
2021/07/01,Thu,05:43 AM,3.71,113,L
2021/07/01,Thu,09:58 AM,4.88,149,H
2021/07/01,Thu,03:45 PM,1.85,56,L
2021/07/01,Thu,11:19 PM,8.48,258,H
2021/07/02,Fri,06:31 AM,2.70,82,L
2021/07/02,Fri,12:06 PM,4.67,142,H
2021/07/02,Fri,04:38 PM,3.23,98,L
2021/07/02,Fri,11:46 PM,8.27,252,H
2021/07/03,Sat,07:11 AM,1.74,53,L
2021/07/03,Sat,02:20 PM,5.28,161,H
2021/07/03,Sat,05:38 PM,4.50,137,L
2021/07/04,Sun,12:10 AM,8.09,247,H
2021/07/04,Sun,07:44 AM,0.88,27,L
2021/07/04,Sun,03:41 PM,6.24,190,H
2021/07/04,Sun,06:44 PM,5.55,169,L
2021/07/05,Mon,12:35 AM,7.95,242,H
2021/07/05,Mon,08:13 AM,0.14,4,L
2021/07/05,Mon,04:37 PM,7.13,217,H
2021/07/05,Mon,07:53 PM,6.30,192,L
2021/07/06,Tue,01:01 AM,7.84,239,H
2021/07/06,Tue,08:43 AM,-0.49,-15,L
2021/07/06,Tue,05:21 PM,7.81,238,H
2021/07/06,Tue,08:56 PM,6.76,206,L
2021/07/07,Wed,01:31 AM,7.76,237,H
2021/07/07,Wed,09:14 AM,-1.00,-30,L
2021/07/07,Wed,05:59 PM,8.27,252,H
2021/07/07,Wed,09:51 PM,6.99,213,L
2021/07/08,Thu,02:04 AM,7.70,235,H
2021/07/08,Thu,09:46 AM,-1.42,-43,L
2021/07/08,Thu,06:32 PM,8.54,260,H
2021/07/08,Thu,10:37 PM,7.06,215,L
2021/07/09,Fri,02:41 AM,7.64,233,H
2021/07/09,Fri,10:21 AM,-1.73,-53,L
2021/07/09,Fri,07:03 PM,8.66,264,H
2021/07/09,Fri,11:17 PM,7.01,214,L
2021/07/10,Sat,03:21 AM,7.55,230,H
2021/07/10,Sat,10:57 AM,-1.94,-59,L
2021/07/10,Sat,07:32 PM,8.72,266,H
2021/07/10,Sat,11:56 PM,6.86,209,L
2021/07/11,Sun,04:04 AM,7.42,226,H
2021/07/11,Sun,11:36 AM,-2.00,-61,L
2021/07/11,Sun,08:01 PM,8.74,266,H
2021/07/12,Mon,12:38 AM,6.59,201,L
2021/07/12,Mon,04:50 AM,7.18,219,H
2021/07/12,Mon,12:15 PM,-1.87,-57,L
2021/07/12,Mon,08:29 PM,8.75,267,H
2021/07/13,Tue,01:25 AM,6.17,188,L
2021/07/13,Tue,05:43 AM,6.82,208,H
2021/07/13,Tue,12:55 PM,-1.49,-45,L
2021/07/13,Tue,08:58 PM,8.76,267,H
2021/07/14,Wed,02:17 AM,5.54,169,L
2021/07/14,Wed,06:44 AM,6.33,193,H
2021/07/14,Wed,01:36 PM,-0.79,-24,L
2021/07/14,Wed,09:28 PM,8.76,267,H
2021/07/15,Thu,03:12 AM,4.67,142,L
2021/07/15,Thu,07:55 AM,5.76,176,H
2021/07/15,Thu,02:18 PM,0.23,7,L
2021/07/15,Thu,09:57 PM,8.75,267,H
2021/07/16,Fri,04:07 AM,3.56,109,L
2021/07/16,Fri,09:17 AM,5.24,160,H
2021/07/16,Fri,03:03 PM,1.52,46,L
2021/07/16,Fri,10:27 PM,8.73,266,H
2021/07/17,Sat,05:01 AM,2.29,70,L
2021/07/17,Sat,10:56 AM,5.00,152,H
2021/07/17,Sat,03:53 PM,2.98,91,L
2021/07/17,Sat,10:58 PM,8.72,266,H
2021/07/18,Sun,05:52 AM,0.94,29,L
2021/07/18,Sun,01:06 PM,5.36,163,H
2021/07/18,Sun,04:53 PM,4.42,135,L
2021/07/18,Sun,11:30 PM,8.72,266,H
2021/07/19,Mon,06:42 AM,-0.35,-11,L
2021/07/19,Mon,02:59 PM,6.37,194,H
2021/07/19,Mon,06:04 PM,5.64,172,L
2021/07/20,Tue,12:06 AM,8.72,266,H
2021/07/20,Tue,07:32 AM,-1.47,-45,L
2021/07/20,Tue,04:07 PM,7.42,226,H
2021/07/20,Tue,07:18 PM,6.46,197,L
2021/07/21,Wed,12:47 AM,8.71,265,H
2021/07/21,Wed,08:20 AM,-2.33,-71,L
2021/07/21,Wed,04:57 PM,8.22,251,H
2021/07/21,Wed,08:27 PM,6.85,209,L
2021/07/22,Thu,01:35 AM,8.65,264,H
2021/07/22,Thu,09:09 AM,-2.87,-87,L
2021/07/22,Thu,05:41 PM,8.72,266,H
2021/07/22,Thu,09:29 PM,6.89,210,L
2021/07/23,Fri,02:29 AM,8.54,260,H
2021/07/23,Fri,09:56 AM,-3.07,-94,L
2021/07/23,Fri,06:21 PM,8.96,273,H
2021/07/23,Fri,10:27 PM,6.67,203,L
2021/07/24,Sat,03:26 AM,8.33,254,H
2021/07/24,Sat,10:43 AM,-2.94,-90,L
2021/07/24,Sat,07:00 PM,9.01,275,H
2021/07/24,Sat,11:22 PM,6.27,191,L
2021/07/25,Sun,04:24 AM,7.99,244,H
2021/07/25,Sun,11:28 AM,-2.50,-76,L
2021/07/25,Sun,07:36 PM,8.95,273,H
2021/07/26,Mon,12:17 AM,5.75,175,L
2021/07/26,Mon,05:21 AM,7.52,229,H
2021/07/26,Mon,12:13 PM,-1.79,-55,L
2021/07/26,Mon,08:10 PM,8.82,269,H
2021/07/27,Tue,01:15 AM,5.13,156,L
2021/07/27,Tue,06:20 AM,6.93,211,H
2021/07/27,Tue,12:56 PM,-0.82,-25,L
2021/07/27,Tue,08:42 PM,8.67,264,H
2021/07/28,Wed,02:14 AM,4.42,135,L
2021/07/28,Wed,07:21 AM,6.27,191,H
2021/07/28,Wed,01:39 PM,0.35,11,L
2021/07/28,Wed,09:11 PM,8.50,259,H
2021/07/29,Thu,03:14 AM,3.66,112,L
2021/07/29,Thu,08:29 AM,5.65,172,H
2021/07/29,Thu,02:21 PM,1.66,51,L
2021/07/29,Thu,09:37 PM,8.32,254,H
2021/07/30,Fri,04:11 AM,2.87,87,L
2021/07/30,Fri,09:53 AM,5.21,159,H
2021/07/30,Fri,03:06 PM,3.04,93,L
2021/07/30,Fri,10:02 PM,8.12,247,H
2021/07/31,Sat,05:04 AM,2.11,64,L
2021/07/31,Sat,12:03 PM,5.21,159,H
2021/07/31,Sat,03:58 PM,4.36,133,L
2021/07/31,Sat,10:28 PM,7.91,241,H
2021/08/01,Sun,05:53 AM,1.41,43,L
2021/08/01,Sun,02:17 PM,5.92,180,H
2021/08/01,Sun,05:05 PM,5.50,168,L
2021/08/01,Sun,10:56 PM,7.71,235,H
2021/08/02,Mon,06:39 AM,0.78,24,L
2021/08/02,Mon,03:30 PM,6.81,208,H
2021/08/02,Mon,06:29 PM,6.30,192,L
2021/08/02,Mon,11:28 PM,7.54,230,H
2021/08/03,Tue,07:22 AM,0.24,7,L
2021/08/03,Tue,04:19 PM,7.52,229,H
2021/08/03,Tue,07:55 PM,6.70,204,L
2021/08/04,Wed,12:07 AM,7.42,226,H
2021/08/04,Wed,08:03 AM,-0.25,-8,L
2021/08/04,Wed,04:57 PM,8.00,244,H
2021/08/04,Wed,09:04 PM,6.81,208,L
2021/08/05,Thu,12:54 AM,7.36,224,H
2021/08/05,Thu,08:43 AM,-0.69,-21,L
2021/08/05,Thu,05:30 PM,8.26,252,H
2021/08/05,Thu,09:47 PM,6.77,206,L
2021/08/06,Fri,01:45 AM,7.38,225,H
2021/08/06,Fri,09:22 AM,-1.07,-33,L
2021/08/06,Fri,05:58 PM,8.38,255,H
2021/08/06,Fri,10:17 PM,6.61,201,L
2021/08/07,Sat,02:36 AM,7.43,226,H
2021/08/07,Sat,10:00 AM,-1.39,-42,L
2021/08/07,Sat,06:23 PM,8.41,256,H
2021/08/07,Sat,10:46 PM,6.34,193,L
2021/08/08,Sun,03:26 AM,7.47,228,H
2021/08/08,Sun,10:38 AM,-1.56,-48,L
2021/08/08,Sun,06:46 PM,8.44,257,H
2021/08/08,Sun,11:19 PM,5.93,181,L
2021/08/09,Mon,04:16 AM,7.42,226,H
2021/08/09,Mon,11:16 AM,-1.51,-46,L
2021/08/09,Mon,07:10 PM,8.47,258,H
2021/08/09,Mon,11:57 PM,5.37,164,L
2021/08/10,Tue,05:09 AM,7.25,221,H
2021/08/10,Tue,11:54 AM,-1.17,-36,L
2021/08/10,Tue,07:35 PM,8.51,259,H
2021/08/11,Wed,12:40 AM,4.64,141,L
2021/08/11,Wed,06:05 AM,6.96,212,H
2021/08/11,Wed,12:33 PM,-0.49,-15,L
2021/08/11,Wed,08:01 PM,8.56,261,H
2021/08/12,Thu,01:27 AM,3.76,115,L
2021/08/12,Thu,07:07 AM,6.56,200,H
2021/08/12,Thu,01:12 PM,0.52,16,L
2021/08/12,Thu,08:29 PM,8.58,262,H
2021/08/13,Fri,02:18 AM,2.77,84,L
2021/08/13,Fri,08:17 AM,6.15,187,H
2021/08/13,Fri,01:54 PM,1.81,55,L
2021/08/13,Fri,08:58 PM,8.56,261,H
2021/08/14,Sat,03:12 AM,1.73,53,L
2021/08/14,Sat,09:39 AM,5.86,179,H
2021/08/14,Sat,02:39 PM,3.24,99,L
2021/08/14,Sat,09:29 PM,8.51,259,H
2021/08/15,Sun,04:09 AM,0.75,23,L
2021/08/15,Sun,11:23 AM,5.87,179,H
2021/08/15,Sun,03:33 PM,4.64,141,L
2021/08/15,Sun,10:02 PM,8.43,257,H
2021/08/16,Mon,05:08 AM,-0.13,-4,L
2021/08/16,Mon,01:34 PM,6.46,197,H
2021/08/16,Mon,04:44 PM,5.82,177,L
2021/08/16,Mon,10:40 PM,8.31,253,H
2021/08/17,Tue,06:08 AM,-0.85,-26,L
2021/08/17,Tue,03:00 PM,7.32,223,H
2021/08/17,Tue,06:10 PM,6.56,200,L
2021/08/17,Tue,11:28 PM,8.16,249,H
2021/08/18,Wed,07:07 AM,-1.39,-42,L
2021/08/18,Wed,03:54 PM,8.02,244,H
2021/08/18,Wed,07:34 PM,6.77,206,L
2021/08/19,Thu,12:28 AM,8.03,245,H
2021/08/19,Thu,08:03 AM,-1.75,-53,L
2021/08/19,Thu,04:37 PM,8.45,258,H
2021/08/19,Thu,08:43 PM,6.57,200,L
2021/08/20,Fri,01:35 AM,7.93,242,H
2021/08/20,Fri,08:56 AM,-1.90,-58,L
2021/08/20,Fri,05:15 PM,8.64,263,H
2021/08/20,Fri,09:37 PM,6.13,187,L
2021/08/21,Sat,02:41 AM,7.87,240,H
2021/08/21,Sat,09:44 AM,-1.81,-55,L
2021/08/21,Sat,05:49 PM,8.67,264,H
2021/08/21,Sat,10:24 PM,5.55,169,L
2021/08/22,Sun,03:42 AM,7.77,237,H
2021/08/22,Sun,10:29 AM,-1.48,-45,L
2021/08/22,Sun,06:20 PM,8.60,262,H
2021/08/22,Sun,11:08 PM,4.90,149,L
2021/08/23,Mon,04:39 AM,7.58,231,H
2021/08/23,Mon,11:10 AM,-0.90,-27,L
2021/08/23,Mon,06:48 PM,8.48,258,H
2021/08/23,Mon,11:51 PM,4.21,128,L
2021/08/24,Tue,05:34 AM,7.28,222,H
2021/08/24,Tue,11:51 AM,-0.08,-2,L
2021/08/24,Tue,07:14 PM,8.34,254,H
2021/08/25,Wed,12:35 AM,3.52,107,L
2021/08/25,Wed,06:30 AM,6.93,211,H
2021/08/25,Wed,12:30 PM,0.93,28,L
2021/08/25,Wed,07:37 PM,8.20,250,H
2021/08/26,Thu,01:20 AM,2.87,87,L
2021/08/26,Thu,07:28 AM,6.57,200,H
2021/08/26,Thu,01:10 PM,2.08,63,L
2021/08/26,Thu,08:00 PM,8.04,245,H
2021/08/27,Fri,02:05 AM,2.28,69,L
2021/08/27,Fri,08:33 AM,6.27,191,H
2021/08/27,Fri,01:52 PM,3.29,100,L
2021/08/27,Fri,08:23 PM,7.86,240,H
2021/08/28,Sat,02:52 AM,1.78,54,L
2021/08/28,Sat,09:50 AM,6.11,186,H
2021/08/28,Sat,02:38 PM,4.47,136,L
2021/08/28,Sat,08:48 PM,7.64,233,H
2021/08/29,Sun,03:40 AM,1.40,43,L
2021/08/29,Sun,11:46 AM,6.23,190,H
2021/08/29,Sun,03:38 PM,5.50,168,L
2021/08/29,Sun,09:16 PM,7.39,225,H
2021/08/30,Mon,04:33 AM,1.11,34,L
2021/08/30,Mon,01:46 PM,6.76,206,H
2021/08/30,Mon,05:05 PM,6.25,190,L
2021/08/30,Mon,09:49 PM,7.14,218,H
2021/08/31,Tue,05:29 AM,0.87,27,L
2021/08/31,Tue,02:54 PM,7.35,224,H
2021/08/31,Tue,07:02 PM,6.56,200,L
2021/08/31,Tue,10:30 PM,6.92,211,H
2021/09/01,Wed,06:26 AM,0.60,18,L
2021/09/01,Wed,03:40 PM,7.78,237,H
2021/09/01,Wed,08:33 PM,6.51,198,L
2021/09/01,Wed,11:28 PM,6.79,207,H
2021/09/02,Thu,07:21 AM,0.28,9,L
2021/09/02,Thu,04:14 PM,8.03,245,H
2021/09/02,Thu,09:14 PM,6.34,193,L
2021/09/03,Fri,12:35 AM,6.80,207,H
2021/09/03,Fri,08:10 AM,-0.08,-2,L
2021/09/03,Fri,04:43 PM,8.14,248,H
2021/09/03,Fri,09:31 PM,6.09,186,L
2021/09/04,Sat,01:40 AM,6.94,212,H
2021/09/04,Sat,08:54 AM,-0.40,-12,L
2021/09/04,Sat,05:06 PM,8.18,249,H
2021/09/04,Sat,09:49 PM,5.68,173,L
2021/09/05,Sun,02:39 AM,7.15,218,H
2021/09/05,Sun,09:34 AM,-0.59,-18,L
2021/09/05,Sun,05:26 PM,8.20,250,H
2021/09/05,Sun,10:14 PM,5.09,155,L
2021/09/06,Mon,03:34 AM,7.33,223,H
2021/09/06,Mon,10:13 AM,-0.56,-17,L
2021/09/06,Mon,05:46 PM,8.24,251,H
2021/09/06,Mon,10:46 PM,4.32,132,L
2021/09/07,Tue,04:28 AM,7.44,227,H
2021/09/07,Tue,10:50 AM,-0.23,-7,L
2021/09/07,Tue,06:08 PM,8.30,253,H
2021/09/07,Tue,11:23 PM,3.39,103,L
2021/09/08,Wed,05:24 AM,7.44,227,H
2021/09/08,Wed,11:29 AM,0.44,13,L
2021/09/08,Wed,06:32 PM,8.38,255,H
2021/09/09,Thu,12:04 AM,2.39,73,L
2021/09/09,Thu,06:23 AM,7.36,224,H
2021/09/09,Thu,12:09 PM,1.42,43,L
2021/09/09,Thu,06:59 PM,8.42,257,H
2021/09/10,Fri,12:49 AM,1.39,42,L
2021/09/10,Fri,07:27 AM,7.22,220,H
2021/09/10,Fri,12:51 PM,2.61,80,L
2021/09/10,Fri,07:27 PM,8.42,257,H
2021/09/11,Sat,01:37 AM,0.52,16,L
2021/09/11,Sat,08:38 AM,7.08,216,H
2021/09/11,Sat,01:36 PM,3.90,119,L
2021/09/11,Sat,07:58 PM,8.34,254,H
2021/09/12,Sun,02:29 AM,-0.13,-4,L
2021/09/12,Sun,10:00 AM,7.02,214,H
2021/09/12,Sun,02:29 PM,5.12,156,L
2021/09/12,Sun,08:31 PM,8.18,249,H
2021/09/13,Mon,03:26 AM,-0.53,-16,L
2021/09/13,Mon,11:43 AM,7.19,219,H
2021/09/13,Mon,03:38 PM,6.11,186,L
2021/09/13,Mon,09:10 PM,7.92,241,H
2021/09/14,Tue,04:29 AM,-0.70,-21,L
2021/09/14,Tue,01:25 PM,7.65,233,H
2021/09/14,Tue,05:12 PM,6.65,203,L
2021/09/14,Tue,10:01 PM,7.60,232,H
2021/09/15,Wed,05:37 AM,-0.73,-22,L
2021/09/15,Wed,02:33 PM,8.12,247,H
2021/09/15,Wed,07:03 PM,6.60,201,L
2021/09/15,Wed,11:12 PM,7.27,222,H
2021/09/16,Thu,06:44 AM,-0.70,-21,L
2021/09/16,Thu,03:21 PM,8.43,257,H
2021/09/16,Thu,08:21 PM,6.13,187,L
2021/09/17,Fri,12:36 AM,7.09,216,H
2021/09/17,Fri,07:46 AM,-0.61,-19,L
2021/09/17,Fri,04:01 PM,8.56,261,H
2021/09/17,Fri,09:08 PM,5.47,167,L
2021/09/18,Sat,01:57 AM,7.10,216,H
2021/09/18,Sat,08:41 AM,-0.41,-12,L
2021/09/18,Sat,04:34 PM,8.55,261,H
2021/09/18,Sat,09:44 PM,4.72,144,L
2021/09/19,Sun,03:06 AM,7.20,219,H
2021/09/19,Sun,09:28 AM,-0.03,-1,L
2021/09/19,Sun,05:03 PM,8.46,258,H
2021/09/19,Sun,10:17 PM,3.93,120,L
2021/09/20,Mon,04:06 AM,7.29,222,H
2021/09/20,Mon,10:09 AM,0.53,16,L
2021/09/20,Mon,05:27 PM,8.32,254,H
2021/09/20,Mon,10:50 PM,3.14,96,L
2021/09/21,Tue,05:01 AM,7.32,223,H
2021/09/21,Tue,10:48 AM,1.27,39,L
2021/09/21,Tue,05:48 PM,8.18,249,H
2021/09/21,Tue,11:23 PM,2.39,73,L
2021/09/22,Wed,05:53 AM,7.31,223,H
2021/09/22,Wed,11:26 AM,2.16,66,L
2021/09/22,Wed,06:07 PM,8.04,245,H
2021/09/22,Wed,11:58 PM,1.72,52,L
2021/09/23,Thu,06:46 AM,7.29,222,H
2021/09/23,Thu,12:04 PM,3.13,95,L
2021/09/23,Thu,06:26 PM,7.91,241,H
2021/09/24,Fri,12:34 AM,1.17,36,L
2021/09/24,Fri,07:40 AM,7.28,222,H
2021/09/24,Fri,12:45 PM,4.12,126,L
2021/09/24,Fri,06:47 PM,7.73,236,H
2021/09/25,Sat,01:11 AM,0.79,24,L
2021/09/25,Sat,08:38 AM,7.28,222,H
2021/09/25,Sat,01:31 PM,5.05,154,L
2021/09/25,Sat,07:10 PM,7.51,229,H
2021/09/26,Sun,01:51 AM,0.60,18,L
2021/09/26,Sun,09:46 AM,7.30,223,H
2021/09/26,Sun,02:27 PM,5.85,178,L
2021/09/26,Sun,07:35 PM,7.23,220,H
2021/09/27,Mon,02:35 AM,0.58,18,L
2021/09/27,Mon,11:15 AM,7.38,225,H
2021/09/27,Mon,03:47 PM,6.42,196,L
2021/09/27,Mon,08:02 PM,6.93,211,H
2021/09/28,Tue,03:25 AM,0.68,21,L
2021/09/28,Tue,12:52 PM,7.60,232,H
2021/09/29,Wed,04:24 AM,0.81,25,L
2021/09/29,Wed,01:59 PM,7.86,240,H
2021/09/30,Thu,05:28 AM,0.85,26,L
2021/09/30,Thu,02:43 PM,8.04,245,H
2021/09/30,Thu,08:54 PM,6.02,183,L
2021/09/30,Thu,10:54 PM,6.14,187,H
2021/10/01,Fri,06:32 AM,0.77,23,L
2021/10/01,Fri,03:15 PM,8.13,248,H
2021/10/01,Fri,09:02 PM,5.67,173,L
2021/10/02,Sat,12:21 AM,6.18,188,H
2021/10/02,Sat,07:28 AM,0.64,20,L
2021/10/02,Sat,03:39 PM,8.17,249,H
2021/10/02,Sat,09:04 PM,5.14,157,L
2021/10/03,Sun,01:36 AM,6.42,196,H
2021/10/03,Sun,08:16 AM,0.58,18,L
2021/10/03,Sun,03:58 PM,8.20,250,H
2021/10/03,Sun,09:19 PM,4.37,133,L
2021/10/04,Mon,02:43 AM,6.78,207,H
2021/10/04,Mon,09:00 AM,0.72,22,L
2021/10/04,Mon,04:18 PM,8.26,252,H
2021/10/04,Mon,09:45 PM,3.36,102,L
2021/10/05,Tue,03:43 AM,7.18,219,H
2021/10/05,Tue,09:40 AM,1.12,34,L
2021/10/05,Tue,04:39 PM,8.35,255,H
2021/10/05,Tue,10:17 PM,2.20,67,L
2021/10/06,Wed,04:42 AM,7.55,230,H
2021/10/06,Wed,10:21 AM,1.81,55,L
2021/10/06,Wed,05:02 PM,8.46,258,H
2021/10/06,Wed,10:53 PM,0.99,30,L
2021/10/07,Thu,05:41 AM,7.86,240,H
2021/10/07,Thu,11:02 AM,2.73,83,L
2021/10/07,Thu,05:28 PM,8.54,260,H
2021/10/07,Thu,11:34 PM,-0.12,-4,L
2021/10/08,Fri,06:42 AM,8.10,247,H
2021/10/08,Fri,11:46 AM,3.80,116,L
2021/10/08,Fri,05:55 PM,8.56,261,H
2021/10/09,Sat,12:17 AM,-0.98,-30,L
2021/10/09,Sat,07:46 AM,8.24,251,H
2021/10/09,Sat,12:33 PM,4.88,149,L
2021/10/09,Sat,06:26 PM,8.47,258,H
2021/10/10,Sun,01:04 AM,-1.48,-45,L
2021/10/10,Sun,08:55 AM,8.31,253,H
2021/10/10,Sun,01:27 PM,5.85,178,L
2021/10/10,Sun,06:59 PM,8.25,251,H
2021/10/11,Mon,01:56 AM,-1.58,-48,L
2021/10/11,Mon,10:12 AM,8.34,254,H
2021/10/11,Mon,02:34 PM,6.56,200,L
2021/10/11,Mon,07:37 PM,7.88,240,H
2021/10/12,Tue,02:53 AM,-1.32,-40,L
2021/10/12,Tue,11:37 AM,8.43,257,H
2021/10/12,Tue,04:12 PM,6.86,209,L
2021/10/12,Tue,08:26 PM,7.37,225,H
2021/10/13,Wed,03:57 AM,-0.83,-25,L
2021/10/13,Wed,12:53 PM,8.57,261,H
2021/10/13,Wed,06:50 PM,6.52,199,L
2021/10/13,Wed,09:39 PM,6.79,207,H
2021/10/14,Thu,05:06 AM,-0.26,-8,L
2021/10/14,Thu,01:51 PM,8.70,265,H
2021/10/14,Thu,08:00 PM,5.77,176,L
2021/10/14,Thu,11:15 PM,6.34,193,H
2021/10/15,Fri,06:17 AM,0.29,9,L
2021/10/15,Fri,02:36 PM,8.74,266,H
2021/10/15,Fri,08:40 PM,4.90,149,L
2021/10/16,Sat,12:58 AM,6.22,190,H
2021/10/16,Sat,07:22 AM,0.82,25,L
2021/10/16,Sat,03:13 PM,8.70,265,H
2021/10/16,Sat,09:11 PM,4.00,122,L
2021/10/17,Sun,02:27 AM,6.43,196,H
2021/10/17,Sun,08:16 AM,1.40,43,L
2021/10/17,Sun,03:43 PM,8.59,262,H
2021/10/17,Sun,09:37 PM,3.09,94,L
2021/10/18,Mon,03:36 AM,6.78,207,H
2021/10/18,Mon,09:03 AM,2.08,63,L
2021/10/18,Mon,04:06 PM,8.44,257,H
2021/10/18,Mon,10:02 PM,2.21,67,L
2021/10/19,Tue,04:35 AM,7.14,218,H
2021/10/19,Tue,09:44 AM,2.86,87,L
2021/10/19,Tue,04:24 PM,8.29,253,H
2021/10/19,Tue,10:27 PM,1.39,42,L
2021/10/20,Wed,05:27 AM,7.47,228,H
2021/10/20,Wed,10:23 AM,3.68,112,L
2021/10/20,Wed,04:40 PM,8.15,248,H
2021/10/20,Wed,10:54 PM,0.68,21,L
2021/10/21,Thu,06:16 AM,7.77,237,H
2021/10/21,Thu,11:02 AM,4.51,137,L
2021/10/21,Thu,04:56 PM,8.03,245,H
2021/10/21,Thu,11:23 PM,0.11,3,L
2021/10/22,Fri,07:04 AM,8.04,245,H
2021/10/22,Fri,11:44 AM,5.29,161,L
2021/10/22,Fri,05:15 PM,7.88,240,H
2021/10/22,Fri,11:55 PM,-0.27,-8,L
2021/10/23,Sat,07:52 AM,8.23,251,H
2021/10/23,Sat,12:29 PM,5.96,182,L
2021/10/23,Sat,05:35 PM,7.67,234,H
2021/10/24,Sun,12:29 AM,-0.43,-13,L
2021/10/24,Sun,08:42 AM,8.35,255,H
2021/10/24,Sun,01:23 PM,6.49,198,L
2021/10/24,Sun,05:56 PM,7.41,226,H
2021/10/25,Mon,01:06 AM,-0.39,-12,L
2021/10/25,Mon,09:37 AM,8.39,256,H
2021/10/25,Mon,02:34 PM,6.84,208,L
2021/10/25,Mon,06:11 PM,7.10,216,H
2021/10/26,Tue,01:48 AM,-0.18,-5,L
2021/10/26,Tue,10:40 AM,8.38,255,H
2021/10/27,Wed,02:36 AM,0.15,5,L
2021/10/27,Wed,11:48 AM,8.37,255,H
2021/10/28,Thu,03:31 AM,0.51,16,L
2021/10/28,Thu,12:46 PM,8.38,255,H
2021/10/29,Fri,04:33 AM,0.85,26,L
2021/10/29,Fri,01:28 PM,8.41,256,H
2021/10/30,Sat,05:37 AM,1.15,35,L
2021/10/30,Sat,01:58 PM,8.42,257,H
2021/10/30,Sat,08:29 PM,4.92,150,L
2021/10/31,Sun,12:06 AM,5.58,170,H
2021/10/31,Sun,06:36 AM,1.46,45,L
2021/10/31,Sun,02:22 PM,8.46,258,H
2021/10/31,Sun,08:29 PM,4.01,122,L
2021/11/01,Mon,01:36 AM,5.90,180,H
2021/11/01,Mon,07:30 AM,1.89,58,L
2021/11/01,Mon,02:44 PM,8.53,260,H
2021/11/01,Mon,08:47 PM,2.82,86,L
2021/11/02,Tue,02:53 AM,6.48,198,H
2021/11/02,Tue,08:19 AM,2.48,76,L
2021/11/02,Tue,03:07 PM,8.64,263,H
2021/11/02,Tue,09:15 PM,1.44,44,L
2021/11/03,Wed,03:59 AM,7.19,219,H
2021/11/03,Wed,09:05 AM,3.26,99,L
2021/11/03,Wed,03:31 PM,8.78,268,H
2021/11/03,Wed,09:49 PM,0.02,1,L
2021/11/04,Thu,05:01 AM,7.91,241,H
2021/11/04,Thu,09:51 AM,4.16,127,L
2021/11/04,Thu,03:57 PM,8.91,272,H
2021/11/04,Thu,10:27 PM,-1.24,-38,L
2021/11/05,Fri,06:00 AM,8.53,260,H
2021/11/05,Fri,10:38 AM,5.10,155,L
2021/11/05,Fri,04:25 PM,8.97,273,H
2021/11/05,Fri,11:08 PM,-2.20,-67,L
2021/11/06,Sat,06:58 AM,9.00,274,H
2021/11/06,Sat,11:27 AM,5.96,182,L
2021/11/06,Sat,04:56 PM,8.91,272,H
2021/11/06,Sat,11:52 PM,-2.71,-83,L
2021/11/07,Sun,06:58 AM,9.27,283,H
2021/11/07,Sun,11:22 AM,6.64,202,L
2021/11/07,Sun,04:30 PM,8.69,265,H
2021/11/07,Sun,11:40 PM,-2.75,-84,L
2021/11/08,Mon,08:01 AM,9.36,285,H
2021/11/08,Mon,12:25 PM,7.08,216,L
2021/11/08,Mon,05:09 PM,8.27,252,H
2021/11/09,Tue,12:31 AM,-2.34,-71,L
2021/11/09,Tue,09:05 AM,9.33,284,H
2021/11/09,Tue,01:50 PM,7.17,219,L
2021/11/09,Tue,05:57 PM,7.66,233,H
2021/11/10,Wed,01:27 AM,-1.60,-49,L
2021/11/10,Wed,10:10 AM,9.25,282,H
2021/11/10,Wed,04:36 PM,6.72,205,L
2021/11/10,Wed,07:04 PM,6.88,210,H
2021/11/11,Thu,02:28 AM,-0.64,-20,L
2021/11/11,Thu,11:10 AM,9.17,280,H
2021/11/11,Thu,05:59 PM,5.79,176,L
2021/11/11,Thu,08:34 PM,6.10,186,H
2021/11/12,Fri,03:33 AM,0.39,12,L
2021/11/12,Fri,12:00 PM,9.09,277,H
2021/11/12,Fri,06:46 PM,4.74,144,L
2021/11/12,Fri,10:24 PM,5.58,170,H
2021/11/13,Sat,04:40 AM,1.40,43,L
2021/11/13,Sat,12:41 PM,8.99,274,H
2021/11/13,Sat,07:23 PM,3.66,112,L
2021/11/14,Sun,12:24 AM,5.62,171,H
2021/11/14,Sun,05:44 AM,2.37,72,L
2021/11/14,Sun,01:15 PM,8.86,270,H
2021/11/14,Sun,07:52 PM,2.62,80,L
2021/11/15,Mon,01:56 AM,6.14,187,H
2021/11/15,Mon,06:40 AM,3.32,101,L
2021/11/15,Mon,01:41 PM,8.70,265,H
2021/11/15,Mon,08:16 PM,1.66,51,L
2021/11/16,Tue,03:05 AM,6.82,208,H
2021/11/16,Tue,07:31 AM,4.23,129,L
2021/11/16,Tue,02:00 PM,8.54,260,H
2021/11/16,Tue,08:38 PM,0.81,25,L
2021/11/17,Wed,04:01 AM,7.48,228,H
2021/11/17,Wed,08:17 AM,5.07,155,L
2021/11/17,Wed,02:16 PM,8.40,256,H
2021/11/17,Wed,09:01 PM,0.08,2,L
2021/11/18,Thu,04:50 AM,8.06,246,H
2021/11/18,Thu,09:02 AM,5.81,177,L
2021/11/18,Thu,02:32 PM,8.28,252,H
2021/11/18,Thu,09:26 PM,-0.51,-16,L
2021/11/19,Fri,05:34 AM,8.53,260,H
2021/11/19,Fri,09:46 AM,6.42,196,L
2021/11/19,Fri,02:50 PM,8.16,249,H
2021/11/19,Fri,09:54 PM,-0.91,-28,L
2021/11/20,Sat,06:16 AM,8.86,270,H
2021/11/20,Sat,10:33 AM,6.87,209,L
2021/11/20,Sat,03:10 PM,8.00,244,H
2021/11/20,Sat,10:25 PM,-1.13,-34,L
2021/11/21,Sun,06:56 AM,9.05,276,H
2021/11/21,Sun,11:24 AM,7.16,218,L
2021/11/21,Sun,03:30 PM,7.79,237,H
2021/11/21,Sun,10:59 PM,-1.16,-35,L
2021/11/22,Mon,07:37 AM,9.12,278,H
2021/11/22,Mon,12:23 PM,7.31,223,L
2021/11/22,Mon,03:41 PM,7.52,229,H
2021/11/22,Mon,11:36 PM,-1.01,-31,L
2021/11/23,Tue,08:19 AM,9.11,278,H
2021/11/24,Wed,12:17 AM,-0.74,-23,L
2021/11/24,Wed,09:04 AM,9.04,276,H
2021/11/25,Thu,01:02 AM,-0.34,-10,L
2021/11/25,Thu,09:49 AM,8.96,273,H
2021/11/26,Fri,01:51 AM,0.18,5,L
2021/11/26,Fri,10:30 AM,8.90,271,H
2021/11/27,Sat,02:44 AM,0.81,25,L
2021/11/27,Sat,11:06 AM,8.86,270,H
2021/11/27,Sat,06:45 PM,5.06,154,L
2021/11/27,Sat,09:06 PM,5.24,160,H
2021/11/28,Sun,03:41 AM,1.58,48,L
2021/11/28,Sun,11:37 AM,8.86,270,H
2021/11/28,Sun,06:31 PM,4.06,124,L
2021/11/28,Sun,10:58 PM,5.16,157,H
2021/11/29,Mon,04:40 AM,2.46,75,L
2021/11/29,Mon,12:05 PM,8.89,271,H
2021/11/29,Mon,06:45 PM,2.76,84,L
2021/11/30,Tue,12:46 AM,5.62,171,H
2021/11/30,Tue,05:39 AM,3.42,104,L
2021/11/30,Tue,12:32 PM,8.98,274,H
2021/11/30,Tue,07:13 PM,1.27,39,L
2021/12/01,Wed,02:14 AM,6.52,199,H
2021/12/01,Wed,06:36 AM,4.41,134,L
2021/12/01,Wed,01:00 PM,9.12,278,H
2021/12/01,Wed,07:46 PM,-0.26,-8,L
2021/12/02,Thu,03:23 AM,7.55,230,H
2021/12/02,Thu,07:31 AM,5.37,164,L
2021/12/02,Thu,01:28 PM,9.27,283,H
2021/12/02,Thu,08:24 PM,-1.64,-50,L
2021/12/03,Fri,04:21 AM,8.49,259,H
2021/12/03,Fri,08:25 AM,6.20,189,L
2021/12/03,Fri,01:59 PM,9.38,286,H
2021/12/03,Fri,09:05 PM,-2.71,-83,L
2021/12/04,Sat,05:14 AM,9.22,281,H
2021/12/04,Sat,09:18 AM,6.85,209,L
2021/12/04,Sat,02:33 PM,9.38,286,H
2021/12/04,Sat,09:48 PM,-3.33,-101,L
2021/12/05,Sun,06:06 AM,9.68,295,H
2021/12/05,Sun,10:14 AM,7.27,222,L
2021/12/05,Sun,03:12 PM,9.21,281,H
2021/12/05,Sun,10:34 PM,-3.47,-106,L
2021/12/06,Mon,06:58 AM,9.88,301,H
2021/12/06,Mon,11:13 AM,7.44,227,L
2021/12/06,Mon,03:56 PM,8.83,269,H
2021/12/06,Mon,11:22 PM,-3.14,-96,L
2021/12/07,Tue,07:49 AM,9.89,301,H
2021/12/07,Tue,12:22 PM,7.34,224,L
2021/12/07,Tue,04:48 PM,8.23,251,H
2021/12/08,Wed,12:12 AM,-2.42,-74,L
2021/12/08,Wed,08:41 AM,9.77,298,H
2021/12/08,Wed,01:52 PM,6.93,211,L
2021/12/08,Wed,05:49 PM,7.43,226,H
2021/12/09,Thu,01:05 AM,-1.39,-42,L
2021/12/09,Thu,09:30 AM,9.61,293,H
2021/12/09,Thu,03:57 PM,6.12,187,L
2021/12/09,Thu,07:03 PM,6.52,199,H
2021/12/10,Fri,01:59 AM,-0.16,-5,L
2021/12/10,Fri,10:17 AM,9.43,287,H
2021/12/10,Fri,05:14 PM,5.03,153,L
2021/12/10,Fri,08:33 PM,5.66,173,H
2021/12/11,Sat,02:55 AM,1.19,36,L
2021/12/11,Sat,10:58 AM,9.25,282,H
2021/12/11,Sat,06:05 PM,3.85,117,L
2021/12/11,Sat,10:31 PM,5.17,158,H
2021/12/12,Sun,03:54 AM,2.57,78,L
2021/12/12,Sun,11:34 AM,9.07,276,H
2021/12/12,Sun,06:45 PM,2.71,83,L
2021/12/13,Mon,12:47 AM,5.47,167,H
2021/12/13,Mon,04:56 AM,3.88,118,L
2021/12/13,Mon,12:04 PM,8.88,271,H
2021/12/13,Mon,07:17 PM,1.68,51,L
2021/12/14,Tue,02:19 AM,6.34,193,H
2021/12/14,Tue,05:59 AM,5.05,154,L
2021/12/14,Tue,12:28 PM,8.69,265,H
2021/12/14,Tue,07:44 PM,0.79,24,L
2021/12/15,Wed,03:24 AM,7.29,222,H
2021/12/15,Wed,07:01 AM,6.00,183,L
2021/12/15,Wed,12:48 PM,8.54,260,H
2021/12/15,Wed,08:08 PM,0.06,2,L
2021/12/16,Thu,04:15 AM,8.11,247,H
2021/12/16,Thu,07:59 AM,6.71,205,L
2021/12/16,Thu,01:09 PM,8.42,257,H
2021/12/16,Thu,08:32 PM,-0.52,-16,L
2021/12/17,Fri,04:58 AM,8.72,266,H
2021/12/17,Fri,08:53 AM,7.18,219,L
2021/12/17,Fri,01:31 PM,8.31,253,H
2021/12/17,Fri,09:00 PM,-0.95,-29,L
2021/12/18,Sat,05:36 AM,9.12,278,H
2021/12/18,Sat,09:44 AM,7.44,227,L
2021/12/18,Sat,01:57 PM,8.20,250,H
2021/12/18,Sat,09:30 PM,-1.23,-37,L
2021/12/19,Sun,06:11 AM,9.34,285,H
2021/12/19,Sun,10:31 AM,7.55,230,L
2021/12/19,Sun,02:25 PM,8.05,245,H
2021/12/19,Sun,10:03 PM,-1.38,-42,L
2021/12/20,Mon,06:45 AM,9.42,287,H
2021/12/20,Mon,11:19 AM,7.54,230,L
2021/12/20,Mon,02:55 PM,7.86,240,H
2021/12/20,Mon,10:39 PM,-1.39,-42,L
2021/12/21,Tue,07:17 AM,9.42,287,H
2021/12/21,Tue,12:09 PM,7.43,226,L
2021/12/21,Tue,03:24 PM,7.61,232,H
2021/12/21,Tue,11:16 PM,-1.27,-39,L
2021/12/22,Wed,07:50 AM,9.39,286,H
2021/12/22,Wed,01:08 PM,7.21,220,L
2021/12/22,Wed,03:47 PM,7.27,222,H
2021/12/22,Wed,11:56 PM,-0.99,-30,L
2021/12/23,Thu,08:22 AM,9.34,285,H
2021/12/24,Fri,12:36 AM,-0.52,-16,L
2021/12/24,Fri,08:54 AM,9.29,283,H
2021/12/25,Sat,01:18 AM,0.19,6,L
2021/12/25,Sat,09:26 AM,9.24,282,H
2021/12/25,Sat,04:17 PM,5.39,164,L
2021/12/25,Sat,07:27 PM,5.62,171,H
2021/12/26,Sun,02:03 AM,1.16,35,L
2021/12/26,Sun,09:56 AM,9.20,280,H
2021/12/26,Sun,04:45 PM,4.30,131,L
2021/12/26,Sun,09:07 PM,5.15,157,H
2021/12/27,Mon,02:51 AM,2.34,71,L
2021/12/27,Mon,10:26 AM,9.17,280,H
2021/12/27,Mon,05:19 PM,2.98,91,L
2021/12/27,Mon,11:03 PM,5.14,157,H
2021/12/28,Tue,03:47 AM,3.67,112,L
2021/12/28,Tue,10:56 AM,9.19,280,H
2021/12/28,Tue,05:57 PM,1.52,46,L
2021/12/29,Wed,01:14 AM,5.88,179,H
2021/12/29,Wed,04:52 AM,4.98,152,L
2021/12/29,Wed,11:27 AM,9.26,282,H
2021/12/29,Wed,06:36 PM,0.03,1,L
2021/12/30,Thu,02:43 AM,7.05,215,H
2021/12/30,Thu,06:00 AM,6.09,186,L
2021/12/30,Thu,11:59 AM,9.36,285,H
2021/12/30,Thu,07:18 PM,-1.33,-41,L
2021/12/31,Fri,03:41 AM,8.15,248,H
2021/12/31,Fri,07:07 AM,6.90,210,L
2021/12/31,Fri,12:36 PM,9.45,288,H
2021/12/31,Fri,08:00 PM,-2.53,-77,L
